agent,seed,score,success,seconds,hits,crates,stars,lives,done,truncated,decisions
nearest,30000,2470.0,1.0,8.5,0.0,0.0,6.0,3.0,1.0,0.0,7.0
nearest,30001,2380.0,1.0,17.5,0.0,0.0,6.0,3.0,1.0,0.0,7.0
nearest,30002,2580.0,1.0,12.6,0.0,0.0,6.0,3.0,1.0,0.0,7.0
nearest,30003,2590.0,1.0,11.4,0.0,0.0,6.0,3.0,1.0,0.0,7.0
nearest,30004,2460.0,1.0,9.4,0.0,0.0,6.0,3.0,1.0,0.0,7.0
nearest,30005,2350.0,1.0,20.8,0.0,0.0,6.0,3.0,1.0,0.0,7.0
nearest,30006,2890.0,1.0,6.8,0.0,0.0,6.0,4.0,1.0,0.0,7.0
nearest,30007,2450.0,1.0,10.6,0.0,0.0,6.0,3.0,1.0,0.0,7.0
nearest,30008,2760.0,1.0,19.4,0.0,0.0,6.0,4.0,1.0,0.0,7.0
nearest,30009,2600.0,1.0,10.8,0.0,0.0,6.0,3.0,1.0,0.0,7.0
nearest,30010,2840.0,1.0,11.6,0.0,0.0,6.0,4.0,1.0,0.0,7.0
nearest,30011,2700.0,1.0,10.2,0.0,0.0,6.0,4.0,1.0,0.0,7.0
nearest,30012,2360.0,1.0,19.6,0.0,0.0,6.0,3.0,1.0,0.0,7.0
nearest,30013,2470.0,1.0,8.6,0.0,0.0,6.0,3.0,1.0,0.0,7.0
nearest,30014,2380.0,1.0,17.6,0.0,0.0,6.0,3.0,1.0,0.0,7.0
nearest,30015,2610.0,1.0,9.1,0.0,0.0,6.0,3.0,1.0,0.0,7.0
nearest,30016,2440.0,1.0,11.8,0.0,0.0,6.0,3.0,1.0,0.0,7.0
nearest,30017,2560.0,1.0,14.0,0.0,0.0,6.0,3.0,1.0,0.0,7.0
nearest,30018,2660.0,1.0,29.3,0.0,0.0,6.0,4.0,1.0,0.0,7.0
nearest,30019,2610.0,1.0,9.3,0.0,0.0,6.0,3.0,1.0,0.0,7.0
nearest,30020,2570.0,1.0,13.8,0.0,0.0,6.0,3.0,1.0,0.0,7.0
nearest,30021,2370.0,1.0,18.6,0.0,0.0,6.0,3.0,1.0,0.0,7.0
nearest,30022,2460.0,1.0,9.1,0.0,0.0,6.0,3.0,1.0,0.0,7.0
nearest,30023,2470.0,1.0,8.6,0.0,0.0,6.0,3.0,1.0,0.0,7.0
nearest,30024,2730.0,1.0,7.1,0.0,0.0,6.0,4.0,1.0,0.0,7.0
nearest,30025,2420.0,1.0,13.8,0.0,0.0,6.0,3.0,1.0,0.0,7.0
nearest,30026,2430.0,1.0,12.2,0.0,0.0,6.0,3.0,1.0,0.0,7.0
nearest,30027,2410.0,1.0,14.2,0.0,0.0,6.0,3.0,1.0,0.0,7.0
nearest,30028,2490.0,1.0,6.7,0.0,0.0,6.0,3.0,1.0,0.0,7.0
nearest,30029,2850.0,1.0,10.8,0.0,0.0,6.0,4.0,1.0,0.0,7.0
nearest,30030,2760.0,1.0,19.2,0.0,0.0,6.0,4.0,1.0,0.0,7.0
nearest,30031,2630.0,1.0,7.2,0.0,0.0,6.0,3.0,1.0,0.0,7.0
nearest,30032,2390.0,1.0,16.3,0.0,0.0,6.0,3.0,1.0,0.0,7.0
nearest,30033,2600.0,1.0,20.7,0.0,0.0,6.0,4.0,1.0,0.0,7.0
nearest,30034,2350.0,1.0,20.5,0.0,0.0,6.0,3.0,1.0,0.0,7.0
nearest,30035,2350.0,1.0,20.7,0.0,0.0,6.0,3.0,1.0,0.0,7.0
nearest,30036,2420.0,1.0,13.5,0.0,0.0,6.0,3.0,1.0,0.0,7.0
nearest,30037,2850.0,1.0,10.6,0.0,0.0,6.0,4.0,1.0,0.0,7.0
nearest,30038,2580.0,1.0,12.6,0.0,0.0,6.0,3.0,1.0,0.0,7.0
nearest,30039,2560.0,1.0,14.7,0.0,0.0,6.0,3.0,1.0,0.0,7.0
nearest,30040,2730.0,1.0,7.7,0.0,0.0,6.0,4.0,1.0,0.0,7.0
nearest,30041,2590.0,1.0,11.2,0.0,0.0,6.0,3.0,1.0,0.0,7.0
nearest,30042,2650.0,1.0,15.8,0.0,0.0,6.0,4.0,1.0,0.0,7.0
nearest,30043,2450.0,1.0,10.6,0.0,0.0,6.0,3.0,1.0,0.0,7.0
nearest,30044,2350.0,1.0,20.5,0.0,0.0,6.0,3.0,1.0,0.0,7.0
nearest,30045,2870.0,1.0,8.1,0.0,0.0,6.0,4.0,1.0,0.0,7.0
nearest,30046,2630.0,1.0,17.8,0.0,0.0,6.0,4.0,1.0,0.0,7.0
nearest,30047,2400.0,1.0,15.9,0.0,0.0,6.0,3.0,1.0,0.0,7.0
nearest,30048,2470.0,1.0,8.1,0.0,0.0,6.0,3.0,1.0,0.0,7.0
nearest,30049,2810.0,1.0,14.5,0.0,0.0,6.0,4.0,1.0,0.0,7.0
nearest,30050,2750.0,1.0,20.6,0.0,0.0,6.0,4.0,1.0,0.0,7.0
nearest,30051,2520.0,1.0,18.3,0.0,0.0,6.0,3.0,1.0,0.0,7.0
nearest,30052,2440.0,1.0,11.0,0.0,0.0,6.0,3.0,1.0,0.0,7.0
nearest,30053,2450.0,1.0,10.7,0.0,0.0,6.0,3.0,1.0,0.0,7.0
nearest,30054,2470.0,1.0,8.2,0.0,0.0,6.0,3.0,1.0,0.0,7.0
nearest,30055,2470.0,1.0,8.9,0.0,0.0,6.0,3.0,1.0,0.0,7.0
nearest,30056,2570.0,1.0,13.6,0.0,0.0,6.0,3.0,1.0,0.0,7.0
nearest,30057,2790.0,1.0,16.8,0.0,0.0,6.0,4.0,1.0,0.0,7.0
nearest,30058,2700.0,1.0,10.2,0.0,0.0,6.0,4.0,1.0,0.0,7.0
nearest,30059,2670.0,1.0,13.0,0.0,0.0,6.0,4.0,1.0,0.0,7.0
nearest,30060,2590.0,1.0,21.2,0.0,0.0,6.0,4.0,1.0,0.0,7.0
nearest,30061,2490.0,1.0,6.2,0.0,0.0,6.0,3.0,1.0,0.0,7.0
nearest,30062,2630.0,1.0,17.8,0.0,0.0,6.0,4.0,1.0,0.0,7.0
nearest,30063,2830.0,1.0,12.8,0.0,0.0,6.0,4.0,1.0,0.0,7.0
nearest,30064,2710.0,1.0,9.4,0.0,0.0,6.0,4.0,1.0,0.0,7.0
nearest,30065,2680.0,1.0,12.1,0.0,0.0,6.0,4.0,1.0,0.0,7.0
nearest,30066,2840.0,1.0,11.7,0.0,0.0,6.0,4.0,1.0,0.0,7.0
nearest,30067,2500.0,1.0,30.9,0.0,0.0,6.0,4.0,1.0,0.0,7.0
nearest,30068,2810.0,1.0,14.1,0.0,0.0,6.0,4.0,1.0,0.0,7.0
nearest,30069,2550.0,1.0,15.9,0.0,0.0,6.0,3.0,1.0,0.0,7.0
nearest,30070,2710.0,1.0,9.6,0.0,0.0,6.0,4.0,1.0,0.0,7.0
nearest,30071,2440.0,1.0,11.4,0.0,0.0,6.0,3.0,1.0,0.0,7.0
nearest,30072,2600.0,1.0,20.2,0.0,0.0,6.0,4.0,1.0,0.0,7.0
nearest,30073,2830.0,1.0,12.2,0.0,0.0,6.0,4.0,1.0,0.0,7.0
nearest,30074,2500.0,1.0,20.6,0.0,0.0,6.0,3.0,1.0,0.0,7.0
nearest,30075,2610.0,1.0,9.9,0.0,0.0,6.0,3.0,1.0,0.0,7.0
nearest,30076,2800.0,1.0,15.3,0.0,0.0,6.0,4.0,1.0,0.0,7.0
nearest,30077,2400.0,1.0,15.2,0.0,0.0,6.0,3.0,1.0,0.0,7.0
nearest,30078,2770.0,1.0,18.9,0.0,0.0,6.0,4.0,1.0,0.0,7.0
nearest,30079,2430.0,1.0,12.5,0.0,0.0,6.0,3.0,1.0,0.0,7.0
nearest,30080,2730.0,1.0,7.4,0.0,0.0,6.0,4.0,1.0,0.0,7.0
nearest,30081,2810.0,1.0,14.7,0.0,0.0,6.0,4.0,1.0,0.0,7.0
nearest,30082,2810.0,1.0,14.9,0.0,0.0,6.0,4.0,1.0,0.0,7.0
nearest,30083,2590.0,1.0,11.9,0.0,0.0,6.0,3.0,1.0,0.0,7.0
nearest,30084,2530.0,1.0,27.5,0.0,0.0,6.0,4.0,1.0,0.0,7.0
nearest,30085,2410.0,1.0,14.9,0.0,0.0,6.0,3.0,1.0,0.0,7.0
nearest,30086,2690.0,1.0,11.1,0.0,0.0,6.0,4.0,1.0,0.0,7.0
nearest,30087,2760.0,1.0,19.2,0.0,0.0,6.0,4.0,1.0,0.0,7.0
nearest,30088,2470.0,1.0,8.1,0.0,0.0,6.0,3.0,1.0,0.0,7.0
nearest,30089,2810.0,1.0,14.3,0.0,0.0,6.0,4.0,1.0,0.0,7.0
nearest,30090,2720.0,1.0,8.4,0.0,0.0,6.0,4.0,1.0,0.0,7.0
nearest,30091,2640.0,1.0,16.2,0.0,0.0,6.0,4.0,1.0,0.0,7.0
nearest,30092,2430.0,1.0,12.6,0.0,0.0,6.0,3.0,1.0,0.0,7.0
nearest,30093,2760.0,1.0,19.1,0.0,0.0,6.0,4.0,1.0,0.0,7.0
nearest,30094,2500.0,1.0,20.3,0.0,0.0,6.0,3.0,1.0,0.0,7.0
nearest,30095,2660.0,1.0,14.4,0.0,0.0,6.0,4.0,1.0,0.0,7.0
nearest,30096,2620.0,1.0,8.4,0.0,0.0,6.0,3.0,1.0,0.0,7.0
nearest,30097,2600.0,1.0,10.5,0.0,0.0,6.0,3.0,1.0,0.0,7.0
nearest,30098,2390.0,1.0,16.2,0.0,0.0,6.0,3.0,1.0,0.0,7.0
nearest,30099,2630.0,1.0,7.2,0.0,0.0,6.0,3.0,1.0,0.0,7.0
nearest,30100,2870.0,1.0,8.3,0.0,0.0,6.0,4.0,1.0,0.0,7.0
nearest,30101,2440.0,1.0,11.8,0.0,0.0,6.0,3.0,1.0,0.0,7.0
nearest,30102,2600.0,1.0,20.3,0.0,0.0,6.0,4.0,1.0,0.0,7.0
nearest,30103,2810.0,1.0,14.7,0.0,0.0,6.0,4.0,1.0,0.0,7.0
nearest,30104,2480.0,1.0,7.6,0.0,0.0,6.0,3.0,1.0,0.0,7.0
nearest,30105,2590.0,1.0,11.5,0.0,0.0,6.0,3.0,1.0,0.0,7.0
nearest,30106,2590.0,1.0,11.3,0.0,0.0,6.0,3.0,1.0,0.0,7.0
nearest,30107,2690.0,1.0,11.6,0.0,0.0,6.0,4.0,1.0,0.0,7.0
nearest,30108,2530.0,1.0,17.3,0.0,0.0,6.0,3.0,1.0,0.0,7.0
nearest,30109,2830.0,1.0,12.7,0.0,0.0,6.0,4.0,1.0,0.0,7.0
nearest,30110,2830.0,1.0,12.0,0.0,0.0,6.0,4.0,1.0,0.0,7.0
nearest,30111,2800.0,1.0,15.8,0.0,0.0,6.0,4.0,1.0,0.0,7.0
nearest,30112,2490.0,1.0,21.4,0.0,0.0,6.0,3.0,1.0,0.0,7.0
nearest,30113,2600.0,1.0,10.1,0.0,0.0,6.0,3.0,1.0,0.0,7.0
nearest,30114,2430.0,1.0,12.6,0.0,0.0,6.0,3.0,1.0,0.0,7.0
nearest,30115,2730.0,1.0,7.3,0.0,0.0,6.0,4.0,1.0,0.0,7.0
nearest,30116,2690.0,1.0,11.7,0.0,0.0,6.0,4.0,1.0,0.0,7.0
nearest,30117,2860.0,1.0,9.8,0.0,0.0,6.0,4.0,1.0,0.0,7.0
nearest,30118,2830.0,1.0,12.5,0.0,0.0,6.0,4.0,1.0,0.0,7.0
nearest,30119,2700.0,1.0,10.7,0.0,0.0,6.0,4.0,1.0,0.0,7.0
nearest,30120,2700.0,1.0,10.5,0.0,0.0,6.0,4.0,1.0,0.0,7.0
nearest,30121,2580.0,1.0,12.8,0.0,0.0,6.0,3.0,1.0,0.0,7.0
nearest,30122,2430.0,1.0,12.9,0.0,0.0,6.0,3.0,1.0,0.0,7.0
nearest,30123,2600.0,1.0,10.2,0.0,0.0,6.0,3.0,1.0,0.0,7.0
nearest,30124,2530.0,1.0,17.9,0.0,0.0,6.0,3.0,1.0,0.0,7.0
nearest,30125,2450.0,1.0,10.2,0.0,0.0,6.0,3.0,1.0,0.0,7.0
nearest,30126,2600.0,1.0,10.8,0.0,0.0,6.0,3.0,1.0,0.0,7.0
nearest,30127,2730.0,1.0,22.0,0.0,0.0,6.0,4.0,1.0,0.0,7.0
cem,30000,3790.0,1.0,16.8,0.0,6.0,6.0,5.0,1.0,0.0,17.0
cem,30001,3410.0,1.0,29.3,0.0,5.0,6.0,4.0,1.0,0.0,15.0
cem,30002,3830.0,1.0,22.9,0.0,6.0,6.0,5.0,1.0,0.0,19.0
cem,30003,3845.0,1.0,18.7,0.0,6.0,6.0,5.0,1.0,0.0,17.0
cem,30004,3535.0,1.0,19.5,0.0,5.0,6.0,5.0,1.0,0.0,17.0
cem,30005,3695.0,1.0,18.7,0.0,5.0,6.0,5.0,1.0,0.0,16.0
cem,30006,3885.0,1.0,14.1,0.0,5.0,6.0,5.0,1.0,0.0,15.0
cem,30007,3845.0,1.0,18.8,0.0,6.0,6.0,5.0,1.0,0.0,18.0
cem,30008,3430.0,1.0,27.8,0.0,4.0,6.0,4.0,1.0,0.0,13.0
cem,30009,3225.0,1.0,10.9,0.0,5.0,6.0,4.0,1.0,0.0,15.0
cem,30010,3665.0,1.0,21.9,0.0,5.0,6.0,5.0,1.0,0.0,13.0
cem,30011,3645.0,1.0,13.0,0.0,6.0,6.0,4.0,1.0,0.0,18.0
cem,30012,3885.0,1.0,14.1,0.0,5.0,6.0,5.0,1.0,0.0,18.0
cem,30013,3450.0,1.0,20.9,0.0,4.0,6.0,5.0,1.0,0.0,15.0
cem,30014,4150.0,1.0,15.5,0.0,5.0,6.0,5.0,1.0,0.0,16.0
cem,30015,4005.0,1.0,17.2,0.0,6.0,6.0,5.0,1.0,0.0,16.0
cem,30016,3875.0,1.0,15.9,0.0,4.0,6.0,5.0,1.0,0.0,14.0
cem,30017,3580.0,1.0,12.8,0.0,4.0,6.0,4.0,1.0,0.0,13.0
cem,30018,3620.0,1.0,18.6,0.0,4.0,6.0,5.0,1.0,0.0,15.0
cem,30019,3615.0,1.0,11.4,0.0,6.0,6.0,5.0,1.0,0.0,17.0
cem,30020,3295.0,1.0,18.1,0.0,5.0,6.0,4.0,1.0,0.0,17.0
cem,30021,3660.0,1.0,19.8,0.0,5.0,6.0,4.0,1.0,0.0,18.0
cem,30022,3225.0,1.0,10.8,0.0,3.0,6.0,4.0,1.0,0.0,12.0
cem,30023,3725.0,1.0,15.6,0.0,4.0,6.0,5.0,1.0,0.0,16.0
cem,30024,3600.0,1.0,10.4,0.0,5.0,6.0,4.0,1.0,0.0,17.0
cem,30025,3220.0,1.0,18.9,0.0,5.0,6.0,4.0,1.0,0.0,14.0
cem,30026,3670.0,1.0,23.0,0.0,4.0,6.0,5.0,1.0,0.0,16.0
cem,30027,3690.0,1.0,16.3,0.0,4.0,6.0,4.0,1.0,0.0,16.0
cem,30028,3830.0,1.0,12.9,0.0,5.0,6.0,5.0,1.0,0.0,17.0
cem,30029,3520.0,1.0,13.9,0.0,5.0,6.0,5.0,1.0,0.0,18.0
cem,30030,3870.0,1.0,18.2,0.0,6.0,6.0,5.0,1.0,0.0,19.0
cem,30031,3750.0,1.0,15.5,0.0,6.0,6.0,5.0,1.0,0.0,18.0
cem,30032,4260.0,1.0,19.8,0.0,6.0,6.0,5.0,1.0,0.0,18.0
cem,30033,3305.0,1.0,32.6,0.0,5.0,6.0,4.0,1.0,0.0,16.0
cem,30034,3790.0,1.0,16.6,0.0,6.0,6.0,5.0,1.0,0.0,17.0
cem,30035,3590.0,1.0,21.0,0.0,4.0,6.0,5.0,1.0,0.0,16.0
cem,30036,3185.0,1.0,14.0,0.0,4.0,6.0,4.0,1.0,0.0,12.0
cem,30037,3585.0,1.0,14.9,0.0,5.0,6.0,5.0,1.0,0.0,16.0
cem,30038,3625.0,1.0,25.6,0.0,6.0,6.0,5.0,1.0,0.0,15.0
cem,30039,3990.0,1.0,36.7,0.0,6.0,6.0,5.0,1.0,0.0,19.0
cem,30040,3925.0,1.0,15.1,0.0,6.0,6.0,5.0,1.0,0.0,18.0
cem,30041,4145.0,1.0,13.8,0.0,5.0,6.0,5.0,1.0,0.0,19.0
cem,30042,3600.0,1.0,20.7,0.0,6.0,6.0,5.0,1.0,0.0,16.0
cem,30043,3680.0,1.0,27.9,0.0,6.0,6.0,5.0,1.0,0.0,17.0
cem,30044,3585.0,1.0,19.6,0.0,5.0,6.0,4.0,1.0,0.0,15.0
cem,30045,3355.0,1.0,12.5,0.0,4.0,6.0,4.0,1.0,0.0,15.0
cem,30046,4020.0,1.0,23.7,0.0,5.0,6.0,5.0,1.0,0.0,16.0
cem,30047,3290.0,1.0,26.9,0.0,4.0,6.0,4.0,1.0,0.0,17.0
cem,30048,3680.0,1.0,12.1,0.0,4.0,6.0,5.0,1.0,0.0,16.0
cem,30049,4045.0,1.0,13.9,0.0,6.0,6.0,5.0,1.0,0.0,16.0
cem,30050,3740.0,1.0,21.2,0.0,4.0,6.0,5.0,1.0,0.0,15.0
cem,30051,3600.0,1.0,30.1,0.0,5.0,6.0,5.0,1.0,0.0,17.0
cem,30052,4225.0,1.0,15.8,0.0,6.0,6.0,5.0,1.0,0.0,17.0
cem,30053,3910.0,1.0,14.4,0.0,5.0,6.0,5.0,1.0,0.0,17.0
cem,30054,3810.0,1.0,14.8,0.0,6.0,6.0,5.0,1.0,0.0,15.0
cem,30055,3765.0,1.0,11.6,0.0,4.0,6.0,5.0,1.0,0.0,13.0
cem,30056,3845.0,1.0,18.0,0.0,5.0,6.0,5.0,1.0,0.0,16.0
cem,30057,3495.0,1.0,13.7,0.0,4.0,6.0,4.0,1.0,0.0,13.0
cem,30058,3530.0,1.0,12.4,0.0,4.0,6.0,5.0,1.0,0.0,17.0
cem,30059,3725.0,1.0,30.0,0.0,6.0,6.0,5.0,1.0,0.0,17.0
cem,30060,3780.0,1.0,32.9,0.0,5.0,6.0,5.0,1.0,0.0,17.0
cem,30061,3550.0,1.0,15.8,0.0,5.0,6.0,4.0,1.0,0.0,12.0
cem,30062,3950.0,1.0,15.3,0.0,6.0,6.0,5.0,1.0,0.0,19.0
cem,30063,3465.0,1.0,16.3,0.0,6.0,6.0,4.0,1.0,0.0,18.0
cem,30064,3765.0,1.0,11.6,0.0,5.0,6.0,5.0,1.0,0.0,17.0
cem,30065,3560.0,1.0,14.2,0.0,6.0,6.0,4.0,1.0,0.0,15.0
cem,30066,3850.0,1.0,20.9,0.0,5.0,6.0,5.0,1.0,0.0,16.0
cem,30067,3695.0,1.0,33.4,0.0,6.0,6.0,5.0,1.0,0.0,17.0
cem,30068,3445.0,1.0,13.1,0.0,4.0,6.0,5.0,1.0,0.0,15.0
cem,30069,3925.0,1.0,20.6,0.0,6.0,6.0,5.0,1.0,0.0,16.0
cem,30070,3355.0,1.0,12.3,0.0,6.0,6.0,4.0,1.0,0.0,15.0
cem,30071,3570.0,1.0,13.0,0.0,4.0,6.0,4.0,1.0,0.0,15.0
cem,30072,3835.0,1.0,24.1,0.0,6.0,6.0,4.0,1.0,0.0,17.0
cem,30073,3890.0,1.0,21.0,0.0,6.0,6.0,5.0,1.0,0.0,18.0
cem,30074,3910.0,1.0,24.9,0.0,5.0,6.0,4.0,1.0,0.0,16.0
cem,30075,3730.0,1.0,22.6,0.0,5.0,6.0,5.0,1.0,0.0,18.0
cem,30076,4175.0,1.0,25.1,0.0,6.0,6.0,5.0,1.0,0.0,20.0
cem,30077,3800.0,1.0,20.2,0.0,6.0,6.0,4.0,1.0,0.0,17.0
cem,30078,3185.0,1.0,14.2,0.0,4.0,6.0,4.0,1.0,0.0,14.0
cem,30079,3620.0,1.0,18.7,0.0,6.0,6.0,5.0,1.0,0.0,17.0
cem,30080,3970.0,1.0,18.5,0.0,5.0,6.0,5.0,1.0,0.0,18.0
cem,30081,3885.0,1.0,14.6,0.0,6.0,6.0,5.0,1.0,0.0,17.0
cem,30082,3610.0,1.0,24.4,0.0,4.0,6.0,4.0,1.0,0.0,14.0
cem,30083,3730.0,1.0,17.8,0.0,5.0,6.0,5.0,1.0,0.0,19.0
cem,30084,3425.0,1.0,30.6,0.0,4.0,6.0,5.0,1.0,0.0,15.0
cem,30085,3945.0,1.0,18.9,0.0,6.0,6.0,5.0,1.0,0.0,18.0
cem,30086,3560.0,1.0,14.0,0.0,5.0,6.0,4.0,1.0,0.0,13.0
cem,30087,3530.0,1.0,17.6,0.0,6.0,6.0,4.0,1.0,0.0,14.0
cem,30088,3645.0,1.0,8.6,0.0,4.0,6.0,5.0,1.0,0.0,15.0
cem,30089,3730.0,1.0,22.6,0.0,5.0,6.0,5.0,1.0,0.0,15.0
cem,30090,3215.0,1.0,11.7,0.0,4.0,6.0,4.0,1.0,0.0,13.0
cem,30091,3580.0,1.0,27.5,0.0,4.0,6.0,5.0,1.0,0.0,15.0
cem,30092,3655.0,1.0,12.3,0.0,5.0,6.0,4.0,1.0,0.0,15.0
cem,30093,3690.0,1.0,16.0,0.0,4.0,6.0,5.0,1.0,0.0,16.0
cem,30094,3940.0,1.0,16.1,0.0,6.0,6.0,5.0,1.0,0.0,18.0
cem,30095,3510.0,1.0,14.7,0.0,6.0,6.0,5.0,1.0,0.0,16.0
cem,30096,4060.0,1.0,14.0,0.0,6.0,6.0,5.0,1.0,0.0,18.0
cem,30097,3700.0,1.0,25.4,0.0,5.0,6.0,5.0,1.0,0.0,15.0
cem,30098,3655.0,1.0,22.3,0.0,6.0,6.0,5.0,1.0,0.0,15.0
cem,30099,3695.0,1.0,18.7,0.0,5.0,6.0,5.0,1.0,0.0,17.0
cem,30100,4050.0,1.0,15.5,0.0,6.0,6.0,5.0,1.0,0.0,17.0
cem,30101,3795.0,1.0,18.1,0.0,6.0,6.0,5.0,1.0,0.0,16.0
cem,30102,3685.0,1.0,29.9,0.0,6.0,6.0,5.0,1.0,0.0,15.0
cem,30103,3910.0,1.0,14.3,0.0,5.0,6.0,5.0,1.0,0.0,18.0
cem,30104,3975.0,1.0,20.4,0.0,6.0,6.0,5.0,1.0,0.0,20.0
cem,30105,3605.0,1.0,17.0,0.0,6.0,6.0,4.0,1.0,0.0,16.0
cem,30106,3790.0,1.0,16.4,0.0,4.0,6.0,5.0,1.0,0.0,16.0
cem,30107,3890.0,1.0,21.5,0.0,5.0,6.0,5.0,1.0,0.0,16.0
cem,30108,3775.0,1.0,20.1,0.0,5.0,6.0,5.0,1.0,0.0,19.0
cem,30109,3195.0,1.0,28.0,0.0,5.0,6.0,4.0,1.0,0.0,14.0
cem,30110,3635.0,1.0,14.8,0.0,4.0,6.0,4.0,1.0,0.0,15.0
cem,30111,3480.0,1.0,17.4,0.0,4.0,6.0,5.0,1.0,0.0,15.0
cem,30112,3715.0,1.0,16.0,0.0,6.0,6.0,5.0,1.0,0.0,14.0
cem,30113,3750.0,1.0,15.2,0.0,5.0,6.0,5.0,1.0,0.0,16.0
cem,30114,3685.0,1.0,29.3,0.0,6.0,6.0,5.0,1.0,0.0,17.0
cem,30115,3715.0,1.0,16.2,0.0,6.0,6.0,5.0,1.0,0.0,16.0
cem,30116,4100.0,1.0,15.6,0.0,6.0,6.0,5.0,1.0,0.0,20.0
cem,30117,3940.0,1.0,16.4,0.0,6.0,6.0,5.0,1.0,0.0,20.0
cem,30118,3850.0,1.0,25.3,0.0,6.0,6.0,5.0,1.0,0.0,17.0
cem,30119,3495.0,1.0,13.5,0.0,3.0,6.0,4.0,1.0,0.0,13.0
cem,30120,3420.0,1.0,13.6,0.0,4.0,6.0,4.0,1.0,0.0,16.0
cem,30121,3595.0,1.0,23.6,0.0,5.0,6.0,5.0,1.0,0.0,13.0
cem,30122,3735.0,1.0,19.0,0.0,6.0,6.0,4.0,1.0,0.0,18.0
cem,30123,3420.0,1.0,23.1,0.0,4.0,6.0,5.0,1.0,0.0,15.0
cem,30124,3330.0,1.0,22.2,0.0,5.0,6.0,4.0,1.0,0.0,17.0
cem,30125,4140.0,1.0,11.8,0.0,5.0,6.0,5.0,1.0,0.0,17.0
cem,30126,3840.0,1.0,11.9,0.0,4.0,6.0,5.0,1.0,0.0,15.0
cem,30127,3835.0,1.0,14.4,0.0,5.0,6.0,5.0,1.0,0.0,17.0
ppo,30000,3810.0,1.0,14.9,0.0,6.0,6.0,5.0,1.0,0.0,12.0
ppo,30001,3270.0,1.0,43.0,0.0,5.0,6.0,4.0,1.0,0.0,12.0
ppo,30002,3790.0,1.0,26.1,0.0,6.0,6.0,5.0,1.0,0.0,16.0
ppo,30003,3745.0,1.0,28.3,0.0,6.0,6.0,5.0,1.0,0.0,12.0
ppo,30004,3585.0,1.0,14.8,0.0,5.0,6.0,5.0,1.0,0.0,13.0
ppo,30005,3645.0,1.0,23.7,0.0,5.0,6.0,5.0,1.0,0.0,13.0
ppo,30006,3765.0,1.0,26.6,0.0,5.0,6.0,5.0,1.0,0.0,13.0
ppo,30007,3755.0,1.0,27.2,0.0,6.0,6.0,5.0,1.0,0.0,15.0
ppo,30008,3330.0,1.0,37.9,0.0,4.0,6.0,4.0,1.0,0.0,10.0
ppo,30009,3125.0,1.0,20.0,0.0,5.0,6.0,4.0,1.0,0.0,12.0
ppo,30010,3635.0,1.0,24.5,0.0,5.0,6.0,5.0,1.0,0.0,12.0
ppo,30011,3535.0,1.0,24.4,0.0,6.0,6.0,4.0,1.0,0.0,16.0
ppo,30012,3775.0,1.0,25.4,0.0,5.0,6.0,5.0,1.0,0.0,15.0
ppo,30013,3440.0,1.0,21.5,0.0,4.0,6.0,5.0,1.0,0.0,11.0
ppo,30014,4040.0,1.0,26.2,0.0,5.0,6.0,5.0,1.0,0.0,13.0
ppo,30015,3845.0,1.0,33.0,0.0,6.0,6.0,5.0,1.0,0.0,14.0
ppo,30016,3665.0,1.0,36.8,0.0,4.0,6.0,5.0,1.0,0.0,12.0
ppo,30017,3440.0,1.0,26.0,0.0,4.0,6.0,4.0,1.0,0.0,13.0
ppo,30018,3450.0,1.0,35.6,0.0,4.0,6.0,5.0,1.0,0.0,14.0
ppo,30019,3585.0,1.0,14.1,0.0,6.0,6.0,5.0,1.0,0.0,15.0
ppo,30020,3275.0,1.0,20.6,0.0,5.0,6.0,4.0,1.0,0.0,16.0
ppo,30021,3500.0,1.0,35.1,0.0,5.0,6.0,4.0,1.0,0.0,13.0
ppo,30022,3425.0,1.0,20.4,0.0,4.0,6.0,4.0,1.0,0.0,9.0
ppo,30023,3675.0,1.0,20.5,0.0,4.0,6.0,5.0,1.0,0.0,15.0
ppo,30024,3460.0,1.0,24.9,0.0,5.0,6.0,4.0,1.0,0.0,12.0
ppo,30025,3110.0,1.0,29.7,0.0,5.0,6.0,4.0,1.0,0.0,11.0
ppo,30026,3620.0,1.0,43.8,0.0,5.0,6.0,5.0,1.0,0.0,15.0
ppo,30027,3670.0,1.0,18.2,0.0,4.0,6.0,4.0,1.0,0.0,14.0
ppo,30028,3760.0,1.0,19.6,0.0,5.0,6.0,5.0,1.0,0.0,12.0
ppo,30029,3390.0,1.0,26.4,0.0,5.0,6.0,5.0,1.0,0.0,14.0
ppo,30030,3760.0,1.0,29.7,0.0,6.0,6.0,5.0,1.0,0.0,17.0
ppo,30031,3680.0,1.0,22.2,0.0,6.0,6.0,5.0,1.0,0.0,15.0
ppo,30032,4190.0,1.0,26.5,0.0,6.0,6.0,5.0,1.0,0.0,18.0
ppo,30033,3205.0,1.0,42.9,0.0,5.0,6.0,4.0,1.0,0.0,16.0
ppo,30034,3790.0,1.0,16.5,0.0,6.0,6.0,5.0,1.0,0.0,11.0
ppo,30035,3470.0,1.0,33.4,0.0,4.0,6.0,5.0,1.0,0.0,14.0
ppo,30036,2975.0,1.0,35.5,0.0,4.0,6.0,4.0,1.0,0.0,12.0
ppo,30037,3475.0,1.0,25.9,0.0,5.0,6.0,5.0,1.0,0.0,13.0
ppo,30038,3475.0,1.0,40.8,0.0,6.0,6.0,5.0,1.0,0.0,11.0
ppo,30039,3930.0,1.0,42.1,0.0,6.0,6.0,5.0,1.0,0.0,13.0
ppo,30040,3795.0,1.0,28.4,0.0,6.0,6.0,5.0,1.0,0.0,14.0
ppo,30041,4145.0,1.0,13.8,0.0,5.0,6.0,5.0,1.0,0.0,18.0
ppo,30042,3480.0,1.0,32.6,0.0,6.0,6.0,5.0,1.0,0.0,12.0
ppo,30043,3660.0,1.0,29.6,0.0,6.0,6.0,5.0,1.0,0.0,12.0
ppo,30044,3455.0,1.0,32.0,0.0,5.0,6.0,4.0,1.0,0.0,10.0
ppo,30045,3195.0,1.0,28.8,0.0,4.0,6.0,4.0,1.0,0.0,10.0
ppo,30046,4015.0,1.0,46.2,0.0,6.0,6.0,5.0,1.0,0.0,16.0
ppo,30047,3370.0,1.0,18.8,0.0,4.0,6.0,4.0,1.0,0.0,14.0
ppo,30048,3640.0,1.0,16.7,0.0,4.0,6.0,5.0,1.0,0.0,12.0
ppo,30049,3895.0,1.0,28.5,0.0,6.0,6.0,5.0,1.0,0.0,13.0
ppo,30050,3730.0,1.0,22.9,0.0,4.0,6.0,5.0,1.0,0.0,12.0
ppo,30051,3560.0,1.0,34.1,0.0,5.0,6.0,5.0,1.0,0.0,15.0
ppo,30052,4105.0,1.0,27.4,0.0,6.0,6.0,5.0,1.0,0.0,15.0
ppo,30053,3820.0,1.0,23.2,0.0,5.0,6.0,5.0,1.0,0.0,13.0
ppo,30054,3720.0,1.0,23.7,0.0,6.0,6.0,5.0,1.0,0.0,13.0
ppo,30055,3735.0,1.0,14.9,0.0,4.0,6.0,5.0,1.0,0.0,13.0
ppo,30056,3665.0,1.0,36.0,0.0,5.0,6.0,5.0,1.0,0.0,15.0
ppo,30057,3425.0,1.0,20.6,0.0,4.0,6.0,4.0,1.0,0.0,11.0
ppo,30058,3470.0,1.0,18.6,0.0,4.0,6.0,5.0,1.0,0.0,13.0
ppo,30059,3735.0,1.0,29.3,0.0,6.0,6.0,5.0,1.0,0.0,15.0
ppo,30060,3720.0,1.0,38.0,0.0,5.0,6.0,5.0,1.0,0.0,16.0
ppo,30061,3550.0,1.0,15.6,0.0,5.0,6.0,4.0,1.0,0.0,9.0
ppo,30062,3870.0,1.0,23.0,0.0,6.0,6.0,5.0,1.0,0.0,17.0
ppo,30063,3355.0,1.0,27.5,0.0,6.0,6.0,4.0,1.0,0.0,14.0
ppo,30064,3705.0,1.0,17.6,0.0,5.0,6.0,5.0,1.0,0.0,12.0
ppo,30065,3470.0,1.0,23.1,0.0,6.0,6.0,4.0,1.0,0.0,13.0
ppo,30066,3770.0,1.0,28.4,0.0,5.0,6.0,5.0,1.0,0.0,14.0
ppo,30067,3675.0,1.0,35.9,0.0,6.0,6.0,5.0,1.0,0.0,15.0
ppo,30068,3425.0,1.0,15.5,0.0,4.0,6.0,5.0,1.0,0.0,10.0
ppo,30069,3745.0,1.0,38.8,0.0,6.0,6.0,5.0,1.0,0.0,15.0
ppo,30070,3255.0,1.0,22.0,0.0,6.0,6.0,4.0,1.0,0.0,12.0
ppo,30071,3430.0,1.0,27.4,0.0,4.0,6.0,4.0,1.0,0.0,13.0
ppo,30072,3695.0,1.0,38.3,0.0,6.0,6.0,4.0,1.0,0.0,14.0
ppo,30073,3760.0,1.0,34.4,0.0,6.0,6.0,5.0,1.0,0.0,11.0
ppo,30074,3700.0,1.0,45.1,0.0,5.0,6.0,4.0,1.0,0.0,13.0
ppo,30075,3660.0,1.0,29.0,0.0,5.0,6.0,5.0,1.0,0.0,13.0
ppo,30076,4035.0,1.0,39.6,0.0,6.0,6.0,5.0,1.0,0.0,17.0
ppo,30077,3860.0,1.0,39.0,0.0,6.0,6.0,5.0,1.0,0.0,16.0
ppo,30078,3205.0,1.0,12.4,0.0,4.0,6.0,4.0,1.0,0.0,12.0
ppo,30079,3510.0,1.0,29.1,0.0,6.0,6.0,5.0,1.0,0.0,15.0
ppo,30080,3940.0,1.0,21.0,0.0,5.0,6.0,5.0,1.0,0.0,15.0
ppo,30081,3785.0,1.0,24.7,0.0,6.0,6.0,5.0,1.0,0.0,15.0
ppo,30082,3530.0,1.0,32.4,0.0,4.0,6.0,4.0,1.0,0.0,8.0
ppo,30083,3630.0,1.0,27.5,0.0,5.0,6.0,5.0,1.0,0.0,13.0
ppo,30084,3365.0,1.0,36.0,0.0,4.0,6.0,5.0,1.0,0.0,12.0
ppo,30085,3725.0,1.0,40.6,0.0,6.0,6.0,5.0,1.0,0.0,15.0
ppo,30086,3490.0,1.0,21.1,0.0,5.0,6.0,4.0,1.0,0.0,11.0
ppo,30087,3440.0,1.0,26.1,0.0,6.0,6.0,4.0,1.0,0.0,13.0
ppo,30088,3615.0,1.0,11.8,0.0,4.0,6.0,5.0,1.0,0.0,15.0
ppo,30089,3680.0,1.0,27.9,0.0,5.0,6.0,5.0,1.0,0.0,9.0
ppo,30090,3205.0,1.0,12.5,0.0,4.0,6.0,4.0,1.0,0.0,7.0
ppo,30091,3500.0,1.0,35.5,0.0,4.0,6.0,5.0,1.0,0.0,12.0
ppo,30092,3605.0,1.0,17.7,0.0,5.0,6.0,4.0,1.0,0.0,13.0
ppo,30093,3570.0,1.0,28.8,0.0,4.0,6.0,5.0,1.0,0.0,13.0
ppo,30094,3800.0,1.0,30.0,0.0,6.0,6.0,5.0,1.0,0.0,13.0
ppo,30095,3500.0,1.0,15.5,0.0,6.0,6.0,5.0,1.0,0.0,12.0
ppo,30096,3990.0,1.0,21.4,0.0,6.0,6.0,5.0,1.0,0.0,16.0
ppo,30097,3720.0,1.0,23.3,0.0,5.0,6.0,5.0,1.0,0.0,14.0
ppo,30098,3515.0,1.0,36.4,0.0,6.0,6.0,5.0,1.0,0.0,11.0
ppo,30099,3695.0,1.0,18.9,0.0,5.0,6.0,5.0,1.0,0.0,14.0
ppo,30100,4050.0,1.0,15.2,0.0,6.0,6.0,5.0,1.0,0.0,16.0
ppo,30101,3745.0,1.0,23.1,0.0,6.0,6.0,5.0,1.0,0.0,14.0
ppo,30102,3675.0,1.0,30.5,0.0,6.0,6.0,5.0,1.0,0.0,14.0
ppo,30103,3890.0,1.0,16.0,0.0,5.0,6.0,5.0,1.0,0.0,13.0
ppo,30104,3985.0,1.0,19.9,0.0,6.0,6.0,5.0,1.0,0.0,15.0
ppo,30105,3455.0,1.0,32.8,0.0,6.0,6.0,4.0,1.0,0.0,12.0
ppo,30106,3720.0,1.0,23.8,0.0,4.0,6.0,5.0,1.0,0.0,13.0
ppo,30107,3890.0,1.0,21.1,0.0,5.0,6.0,5.0,1.0,0.0,10.0
ppo,30108,3625.0,1.0,35.9,0.0,5.0,6.0,5.0,1.0,0.0,17.0
ppo,30109,3115.0,1.0,36.7,0.0,5.0,6.0,4.0,1.0,0.0,12.0
ppo,30110,3475.0,1.0,30.7,0.0,4.0,6.0,4.0,1.0,0.0,14.0
ppo,30111,3390.0,1.0,26.4,0.0,4.0,6.0,5.0,1.0,0.0,13.0
ppo,30112,3565.0,1.0,31.3,0.0,6.0,6.0,5.0,1.0,0.0,13.0
ppo,30113,3740.0,1.0,16.5,0.0,5.0,6.0,5.0,1.0,0.0,15.0
ppo,30114,3675.0,1.0,30.5,0.0,6.0,6.0,5.0,1.0,0.0,16.0
ppo,30115,3675.0,1.0,20.2,0.0,6.0,6.0,5.0,1.0,0.0,13.0
ppo,30116,4030.0,1.0,22.7,0.0,6.0,6.0,5.0,1.0,0.0,13.0
ppo,30117,3780.0,1.0,32.1,0.0,6.0,6.0,5.0,1.0,0.0,18.0
ppo,30118,3790.0,1.0,31.2,0.0,6.0,6.0,5.0,1.0,0.0,13.0
ppo,30119,3760.0,1.0,34.2,0.0,5.0,6.0,5.0,1.0,0.0,15.0
ppo,30120,3335.0,1.0,29.6,0.0,5.0,6.0,4.0,1.0,0.0,17.0
ppo,30121,3605.0,1.0,22.7,0.0,5.0,6.0,5.0,1.0,0.0,9.0
ppo,30122,3745.0,1.0,18.9,0.0,6.0,6.0,4.0,1.0,0.0,13.0
ppo,30123,3430.0,1.0,22.1,0.0,4.0,6.0,5.0,1.0,0.0,10.0
ppo,30124,3290.0,1.0,26.9,0.0,5.0,6.0,4.0,1.0,0.0,15.0
ppo,30125,4010.0,1.0,24.1,0.0,5.0,6.0,5.0,1.0,0.0,17.0
ppo,30126,3560.0,1.0,39.3,0.0,4.0,6.0,5.0,1.0,0.0,11.0
ppo,30127,3695.0,1.0,28.5,0.0,5.0,6.0,5.0,1.0,0.0,16.0
